,Date,mean_daily_temperature,min_daily_temperature,max_daily_temperature,std_daily_temperature
0,2017-01-01,9.110632197062197,7.342889404296898,12.163415527343773,1.8542835518431389
1,2017-01-02,7.969878133138043,6.43921813964846,10.495996093750023,1.4028245536540904
2,2017-01-03,5.3781499226888245,3.6911712646484602,7.375512695312523,0.8249502082809684
3,2017-01-04,3.8366065979004134,0.09615478515627274,6.86127624511721,2.461568134225203
4,2017-01-05,5.245448048909528,3.2216735839843977,7.977929687500023,1.5453727407995321
5,2017-01-06,5.497087732950869,3.1344390869140852,7.478128051757835,1.51148183651484
6,2017-01-07,5.285196558634463,3.1626220703125227,7.576715087890648,1.6823761686085084
7,2017-01-08,5.71473083496096,5.05780944824221,6.878930664062523,0.5859764893316818
8,2017-01-09,4.618517812093121,2.7748962402343977,6.716699218750023,1.443608643384504
9,2017-01-10,3.8824675242106346,2.3855377197265852,5.55475769042971,1.1598986944955485
10,2017-01-11,5.457106526692731,3.5791412353515852,7.21070251464846,1.187887330960216
11,2017-01-12,6.490827178955101,5.420678710937523,7.715539550781273,0.7299562169965749
12,2017-01-13,4.741747156778994,3.6566558837890852,7.240319824218773,1.1331979862872046
13,2017-01-14,7.034628804524762,5.877984619140648,8.64740905761721,0.9028537809682193
14,2017-01-15,7.917128499348981,7.21418151855471,8.478906250000023,0.3661490958330412
15,2017-01-16,5.387897109985374,2.9838500976562727,7.610253906250023,1.36942827325991
16,2017-01-17,4.5045441945394105,2.9943786621093977,6.413125610351585,1.2473386669507114
17,2017-01-18,5.030349349975609,3.4004608154297102,8.20813903808596,1.7198668390663199
18,2017-01-19,8.90831591288251,7.066690063476585,12.311425781250023,1.8420856249889976
19,2017-01-20,9.336198425292991,7.697045898437523,10.57514343261721,0.8427881185826034
20,2017-01-21,7.215351359049502,5.373712158203148,9.781549072265648,1.3869604394431918
21,2017-01-22,7.338082249959332,5.637933349609398,9.087396240234398,1.1468119736563394
22,2017-01-23,6.795755004882835,4.106301879882835,8.40302429199221,1.2884342095087904
23,2017-01-24,6.317402776082379,4.182916259765648,8.58844909667971,1.5114790675427172
24,2017-01-25,8.800946172078474,6.18268737792971,12.784890747070335,2.2248943727315402
25,2017-01-26,10.290832773844423,9.175439453125023,12.013574218750023,0.9440519869381926
26,2017-01-27,8.015885289510114,6.043145751953148,9.64264831542971,1.1164041160858398
27,2017-01-28,8.212230300903343,7.30042419433596,9.865884399414085,0.9129837936257037
28,2017-01-29,8.284600830078148,6.56177673339846,10.329080200195335,1.2087445310900335
29,2017-01-30,5.839258448282901,3.9612976074218977,7.717752075195335,1.293802415551387
30,2017-01-31,5.087282435099307,2.7905212402343977,7.529840087890648,1.7559271190518162
31,2017-02-01,8.872925059000673,7.025689697265648,11.142175292968773,1.5088899142201442
32,2017-02-02,7.75818786621096,4.817864990234398,10.403070068359398,2.0445636070031874
33,2017-02-03,4.829043960571312,2.9967132568359602,6.69233093261721,1.3089024525728226
34,2017-02-04,5.253357187906924,1.5778747558593977,9.229165649414085,2.6644954718659464
35,2017-02-05,7.031814193725609,1.1080108642578352,12.63245544433596,4.137315009097319
36,2017-02-06,9.192823664347353,7.116357421875023,12.282891845703148,1.8018569692495774
37,2017-02-07,9.540907160441103,7.559655761718773,12.78650817871096,1.7622425660940932
38,2017-02-08,9.074173227945986,6.916070556640648,11.303887939453148,1.4378979828165184
39,2017-02-09,8.444408035278343,6.86811218261721,10.999246215820335,1.2738677725766399
40,2017-02-10,9.48430213928225,8.66169128417971,10.607202148437523,0.5904293611942479
41,2017-02-11,8.107221857706728,6.241265869140648,10.053979492187523,1.2444406786108755
42,2017-02-12,7.549317296346051,5.71631774902346,10.28864440917971,1.634001450614129
43,2017-02-13,7.723844146728538,6.46351013183596,9.07715759277346,0.8844669719861751
44,2017-02-14,8.96094411214195,5.15125427246096,14.480996704101585,3.2116785857254326
45,2017-02-15,9.618504460652693,7.95258483886721,12.05384216308596,1.1692713928881922
46,2017-02-16,7.436168924967471,4.397073364257835,10.298562622070335,1.8397220377774293
47,2017-02-17,7.328459040323916,4.164773559570335,10.430459594726585,2.1708042500759905
48,2017-02-18,7.494715627034528,4.537408447265648,10.89246520996096,2.0246253394556186
49,2017-02-19,7.53577067057294,5.942010498046898,9.157250976562523,1.0297201398802716
50,2017-02-20,6.948753611246768,5.712335205078148,9.735864257812523,1.3218359393583903
51,2017-02-21,7.1305512746175355,5.32789001464846,10.872354125976585,1.6926910188282787
52,2017-02-22,7.659940338134788,5.87268981933596,9.768670654296898,1.417623707627521
53,2017-02-23,7.59630673726402,5.569665527343773,10.07190856933596,1.3747527594788065
54,2017-02-24,8.728086090087913,6.410180664062523,13.09198913574221,2.5472103532938157
55,2017-02-25,9.279789861043318,7.534906005859398,11.771096801757835,1.0124439484717263
56,2017-02-26,7.5915186564127835,6.376947021484398,9.754434204101585,1.2233015463724481
57,2017-02-27,8.360922114054384,7.623101806640648,10.223840332031273,0.8172682210505187
58,2017-02-28,10.652295684814476,7.959573364257835,16.101724243164085,2.665100765405287
59,2017-03-01,6.30211474100751,4.893228149414085,8.73175964355471,0.9836588745340094
60,2017-03-02,6.713166809082054,4.014581298828148,10.54139099121096,2.424234335008022
61,2017-03-03,6.818987782796246,3.7091766357422102,10.03589782714846,1.9906807352057247
62,2017-03-04,6.632431284586612,3.5909057617187727,10.109170532226585,2.4007633453557164
63,2017-03-05,6.246428426106793,1.0850616455078352,12.202691650390648,4.016430049767557
64,2017-03-06,7.197387313842796,5.070550537109398,9.48420104980471,1.499426231438898
65,2017-03-07,6.635654703776065,3.7091766357422102,10.338891601562523,2.1561227797131184
66,2017-03-08,6.2849492390950745,3.8760620117187727,8.256005859375023,1.2717399875625108
67,2017-03-09,5.610150273640973,3.3107696533203352,8.254632568359398,1.8277222032638678
68,2017-03-10,5.66576220194501,3.9368225097656477,8.507775878906273,1.4978936907518963
69,2017-03-11,7.033043797810895,5.38221130371096,9.435754394531273,1.2479638358212342
70,2017-03-12,6.678803380330426,5.728204345703148,8.912454223632835,0.9828708855323145
71,2017-03-13,5.5216340382894105,4.305520629882835,7.578698730468773,0.8432457866127746
72,2017-03-14,5.073213831583682,3.0569396972656477,7.41462097167971,1.2213094950075274
73,2017-03-15,6.53324406941734,4.41053161621096,8.835183715820335,1.7410148552786
74,2017-03-16,8.687027867635114,4.99732360839846,12.773492431640648,2.544632145896428
75,2017-03-17,7.704314168294293,6.368096923828148,9.75556335449221,0.9736232258619165
76,2017-03-18,8.65507850646975,6.846887207031273,10.30487976074221,1.1368731998351387
77,2017-03-19,11.53906911214195,7.938562011718773,16.73627624511721,3.2037914668065346
78,2017-03-20,9.336264546712263,7.448526000976585,12.422708129882835,1.0279003098537403
79,2017-03-21,8.006366984049501,7.141473388671898,9.116021728515648,0.49255961127280645
80,2017-03-22,6.907780583699567,5.877908325195335,8.939370727539085,0.8739019122555418
81,2017-03-23,8.003292973836286,6.465631103515648,9.010964965820335,0.765449207823096
82,2017-03-24,7.856992340087913,7.20807800292971,8.740869140625023,0.4045148493109339
83,2017-03-25,6.715952173868838,4.58466491699221,9.796563720703148,1.745395555940403
84,2017-03-26,6.940286890665713,4.198770141601585,11.00214538574221,2.622251060293924
85,2017-03-27,8.687329864501976,4.834924316406273,13.557107543945335,3.06065327779991
86,2017-03-28,8.59303754170738,5.08582458496096,13.447503662109398,2.915757746020165
87,2017-03-29,8.249885177612327,7.074487304687523,10.33844909667971,0.7899244837725642
88,2017-03-30,7.536766942342145,5.768395996093773,9.828515625000023,1.2554196311579269
89,2017-03-31,7.041780726114932,2.2356353759765852,11.904809570312523,3.2095787538944323
90,2017-04-01,6.9123900095621975,3.4962097167968977,9.88605651855471,2.129309171889296
91,2017-04-02,6.06833674112958,2.0824829101562727,11.15735778808596,3.0540745918086603
92,2017-04-03,6.707412338256859,5.72181091308596,7.65986022949221,0.6212136124501163
93,2017-04-04,4.7294987996419495,2.0448699951172102,5.513757324218773,0.9357956090817332
94,2017-04-05,1.5789689381917544,0.03667602539064774,3.9757324218750227,1.5434664558990274
95,2017-04-06,2.6621802012125877,-0.03874816894528976,5.942529296875023,2.4407183875720917
96,2017-04-07,4.815887705485049,-1.1752380371093523,9.94428405761721,3.5484370705615818
97,2017-04-08,7.463306045532249,6.017984008789085,8.311868286132835,0.7298484606033238
98,2017-04-09,6.629703140258812,5.63111267089846,8.757318115234398,1.0594116053557903
99,2017-04-10,4.609819666544619,3.5978485107422102,5.39374694824221,0.5144887389350838
100,2017-04-11,5.768674468994163,4.136529541015648,7.301690673828148,0.9638229840247454
101,2017-04-12,6.277895228068057,4.96338806152346,7.170068359375023,0.5722128865308548
102,2017-04-13,6.062947845459007,5.01874694824221,7.493524169921898,0.8105336676802214
103,2017-04-14,6.938982899983746,6.276544189453148,7.820291137695335,0.4898847592977824
104,2017-04-15,7.893010075887067,7.197015380859398,8.97449645996096,0.5436705171518913
105,2017-04-16,7.245440419514996,5.657098388671898,8.456964111328148,0.5669733818772094
106,2017-04-17,5.208975728352887,2.3240142822265852,9.86707458496096,2.7173308856222267
107,2017-04-18,6.940339024861676,6.010186767578148,8.436441040039085,0.802010247479771
108,2017-04-19,7.112837727864606,5.768838500976585,8.825723266601585,0.9121401500516251
109,2017-04-20,5.4489398956299055,4.37696228027346,6.516870117187523,0.6769849838272398
110,2017-04-21,4.008255894978864,2.9966827392578352,5.761880493164085,0.9491338494911797
111,2017-04-22,4.230458196004254,3.6643768310547102,4.946008300781273,0.35493870996185156
112,2017-04-23,3.2244049072265852,0.8207183837890852,6.304055786132835,1.848742562378523
113,2017-04-24,5.508261617024762,4.01758728027346,7.44837341308596,1.1742293285192063
114,2017-04-25,5.084573364257835,3.9844146728515852,6.021646118164085,0.5803537904984127
115,2017-04-26,4.99242490132652,4.117364501953148,6.356042480468773,0.6344056464042324
116,2017-04-27,4.254943466186546,3.6558319091797102,5.395425415039085,0.5769752875020397
117,2017-04-28,3.941828028361025,1.9287963867187727,6.141809082031273,1.34116893028932
118,2017-04-29,4.123667017618838,1.0735717773437727,5.984704589843773,1.4699905987101436
119,2017-04-30,4.639062500000023,3.0371795654297102,7.152032470703148,1.5045359211323925
120,2017-05-01,5.800125376383487,4.80610046386721,7.255029296875023,0.7626333510549778
121,2017-05-02,3.199551518758161,2.1459747314453352,5.08338317871096,0.7157409141013489
122,2017-05-03,2.869264221191429,1.3407989501953352,4.115838623046898,0.7146980529886608
123,2017-05-04,2.6679264068603743,1.9385009765625227,3.3633514404297102,0.46699785094963825
124,2017-05-05,1.0720942179362207,-1.1848510742187273,2.6472717285156477,1.2640393335731885
125,2017-05-06,3.328067398071312,0.6484161376953352,5.71436462402346,1.4241079341986718
126,2017-05-07,2.478183364868187,-0.7789215087890398,5.305169677734398,2.074233617349089
127,2017-05-08,4.658556874593121,3.9254852294922102,5.532327270507835,0.4255895640319557
128,2017-05-09,5.7739934285481995,4.15888366699221,6.79267272949221,0.7696076627766673
129,2017-05-10,6.9049335479736555,6.305398559570335,8.11152038574221,0.6045319899564141
130,2017-05-11,5.920149103800479,4.860009765625023,6.965966796875023,0.5816115911036664
131,2017-05-12,4.32125053405764,3.2506195068359602,6.172113037109398,0.8687128141379508
132,2017-05-13,5.2885604858398665,3.6883941650390852,7.97309265136721,1.5444311665316621
133,2017-05-14,5.769121424357119,5.002832031250023,6.753701782226585,0.4818481308448123
134,2017-05-15,3.075142161051455,1.3198028564453352,5.06836853027346,0.8329469136300935
135,2017-05-16,3.032390213012718,1.4165283203125227,5.104348754882835,1.1773260899032185
136,2017-05-17,4.455352401733421,3.1876159667968977,6.15863952636721,0.8160218374257081
137,2017-05-18,5.055460230509463,3.8501678466797102,6.61237487792971,1.0569187940916713
138,2017-05-19,6.590982691446963,5.754800415039085,7.14130554199221,0.33644336672891106
139,2017-05-20,4.906727091471377,3.0173583984375227,7.104608154296898,1.3852748476670713
140,2017-05-21,1.548076248168968,-0.36862792968747726,3.5356079101562727,1.1618620548810368
141,2017-05-22,-0.1757193247476986,-0.7168945312499773,1.2861877441406477,0.556977180455393
142,2017-05-23,2.3894961039225486,0.04427490234377274,4.111230468750023,1.184685145101658
143,2017-05-24,2.9838958740234602,0.9183593750000227,4.070703125000023,1.0252446057917954
144,2017-05-25,0.44611701965334305,-0.43945922851560226,1.4378295898437727,0.6485305438920409
145,2017-05-26,3.003640111287458,0.6995941162109602,5.39753112792971,1.5918987634864767
146,2017-05-27,5.667736943562848,4.85700378417971,6.768777465820335,0.5871733486015427
147,2017-05-28,4.8267583211263245,4.405664062500023,5.43299255371096,0.31437281290279684
148,2017-05-29,4.261794662475609,3.0675445556640852,5.652062988281273,0.8130629682471902
149,2017-05-30,4.17595761617027,3.3504119873047102,4.760125732421898,0.39644906034919575
150,2017-05-31,2.020370737711611,0.37532958984377274,3.2702423095703352,0.8366103505168899
151,2017-06-01,2.9117974599202703,2.0536437988281477,4.23786315917971,0.7092717956814683
152,2017-06-02,2.475890731811546,1.2946258544922102,3.3140502929687727,0.6034203211599423
153,2017-06-03,0.9549251556396712,-0.5617736816406023,2.2740722656250227,0.7615462939853193
154,2017-06-04,0.49620145161948886,-1.4865478515624773,2.8072906494140852,1.5288629495246377
155,2017-06-05,3.953275934855166,2.8933807373047102,5.06476745605471,0.6709869194885565
156,2017-06-06,4.216777420043968,3.1640869140625227,4.825463867187523,0.4248890074211368
157,2017-06-07,1.69516779581708,0.7163330078125227,3.3061157226562727,0.605362313298065
158,2017-06-08,2.4699665069580305,0.25174865722658524,5.661706542968773,2.148623688329729
159,2017-06-09,2.237963612874372,1.0356079101562727,3.8423706054687727,0.7107042486947902
160,2017-06-10,2.3609786987304915,1.0736022949218977,3.3694091796875227,0.6077367235956039
161,2017-06-11,1.3019659678141504,0.35164794921877274,2.5661254882812727,0.6556041971548594
162,2017-06-12,0.37440261840822586,-0.6111663818359148,1.5727630615234602,0.7129312873040575
163,2017-06-13,0.18334159851076492,-0.8509277343749773,1.6197753906250227,0.672070359635928
164,2017-06-14,-1.0482664744059018,-2.6654266357421648,0.5653015136718977,0.9711182565269
165,2017-06-15,-1.4858192443847429,-5.558798217773415,1.3970275878906477,2.207397719376715
166,2017-06-16,-2.5036434173583757,-5.625143432617165,0.10096130371096024,1.6438496521335633
167,2017-06-17,-1.8650910695393652,-5.37608947753904,1.3065734863281477,2.0733331850196426
168,2017-06-18,1.3171999613444239,0.5528045654297102,1.8741241455078352,0.27456999547900734
169,2017-06-19,2.420690790812197,1.2803741455078352,2.8790985107422102,0.40752379868197924
170,2017-06-20,1.67839902242027,0.6293731689453352,2.5305572509765852,0.681601118925477
171,2017-06-21,1.5006538391113509,0.8422180175781477,2.3541503906250227,0.44966320278097116
172,2017-06-22,-1.611174011230446,-4.916540527343727,1.2268005371093977,1.9842228224099983
173,2017-06-23,-2.8520435333251726,-3.9284118652343523,-1.9917510986327898,0.6815781042682837
174,2017-06-24,-1.6502568562825293,-2.5851654052734148,-0.5362457275390398,0.7072254085824886
175,2017-06-25,-2.7888912200927507,-3.9684356689452898,-1.1622528076171648,0.8491561079686688
176,2017-06-26,1.3857335408528872,-2.2114318847656023,2.6770874023437727,1.419414804074021
177,2017-06-27,2.564377721150739,1.9797607421875227,3.3878112792968977,0.48032959410840426
178,2017-06-28,3.2761379241943587,0.5529113769531477,5.055871582031273,1.4785198527904184
179,2017-06-29,1.3340920766194888,-0.15196838378903976,2.6828857421875227,1.0051409187250608
180,2017-06-30,2.7555175781250227,1.6748138427734602,3.5392852783203352,0.3879553088661863
181,2017-07-01,4.67239913940432,1.7468353271484602,8.698464965820335,2.682197222925539
182,2017-07-02,5.470731989542666,3.6570983886718977,7.231988525390648,0.8225072709134639
183,2017-07-03,3.986503219604515,1.7435546875000227,5.776651000976585,1.1714193472270251
184,2017-07-04,4.326285298665387,2.7298065185547102,5.603845214843773,0.8541768291138704
185,2017-07-05,4.0534638722737855,3.0743347167968977,5.012353515625023,0.3727288259644061
186,2017-07-06,2.109321848551455,1.5832153320312727,2.9447265625000227,0.4539367051264976
187,2017-07-07,4.400930023193382,2.4233795166015852,5.768243408203148,1.1489291899645206
188,2017-07-08,3.450368499755882,0.9933715820312727,5.544534301757835,1.602270965094641
189,2017-07-09,0.8800629933675358,-0.25578918457028976,2.2379547119140852,0.8553437213099773
190,2017-07-10,0.8617009480794499,0.22155151367189774,1.6302124023437727,0.4153710648078994
191,2017-07-11,1.2736062367757388,0.07552490234377274,2.1268096923828352,0.5795564382315125
192,2017-07-12,2.3504806518554915,1.8444458007812727,2.8791290283203352,0.27573558361974454
193,2017-07-13,0.06444892883303055,-1.1152709960937273,2.0637908935547102,0.8893546434213357
194,2017-07-14,-1.0469128926594824,-1.5220245361327898,-0.6851104736327898,0.23795598577055668
195,2017-07-15,1.5014339447021712,-0.7992919921874773,3.5687805175781477,1.544403784980715
196,2017-07-16,4.289750035603864,3.4574676513672102,5.096734619140648,0.41265738177344
197,2017-07-17,5.346283213297549,4.315270996093773,6.04151306152346,0.624458906569346
198,2017-07-18,3.7762955983480047,3.1040130615234602,5.58478698730471,0.5843789074317031
199,2017-07-19,3.159726079305036,1.9652648925781477,5.045373535156273,0.8468376793667115
200,2017-07-20,2.3717355092366765,1.2753387451172102,3.4981018066406477,0.663966039477157
201,2017-07-21,1.4934020996093977,-0.06267395019528976,2.9085937500000227,0.690486810322356
202,2017-07-22,1.5077981313069888,0.012551879882835237,2.7620483398437727,0.8660670410862434
203,2017-07-23,2.0037977854411033,1.1340423583984602,2.9944396972656477,0.513832671667484
204,2017-07-24,1.997455851237002,0.6166625976562727,3.4944549560547102,0.879405292795117
205,2017-07-25,3.3446454366048406,1.0450683593750227,4.761163330078148,1.3036724605211876
206,2017-07-26,3.763248062133812,1.7461639404297102,5.40387878417971,1.2742793954578528
207,2017-07-27,1.6887953440348535,0.19523010253908524,3.2467437744140852,0.706939260439593
208,2017-07-28,0.15638567606610346,-1.3386444091796648,1.6221252441406477,0.9557501201144472
209,2017-07-29,1.6816707611084212,0.7211547851562727,2.7743011474609602,0.6701959921974988
210,2017-07-30,4.282431538899762,2.7599273681640852,5.780908203125023,0.9922821006686182
211,2017-07-31,3.81531422932945,3.0350891113281477,4.979974365234398,0.5591804416455042
212,2017-08-01,3.1930519104004134,1.4827667236328352,4.057031250000023,0.7473176977786586
213,2017-08-02,0.8939275105794499,-0.39263000488278976,2.8681579589843977,1.2244436138548942
214,2017-08-03,1.7870352427164942,0.9390960693359602,2.7148071289062727,0.5284483661753503
215,2017-08-04,2.903366978963239,1.8760314941406477,4.67444763183596,0.8886890660546832
216,2017-08-05,0.8099876403808821,-0.7062591552734148,2.3478332519531477,0.9030466041158801
217,2017-08-06,-0.8230753580728939,-1.8230194091796648,0.8382049560547102,1.031434666834648
218,2017-08-07,1.8057902018229395,0.35750732421877274,2.9411254882812727,0.7899262132943047
219,2017-08-08,3.9513641357422102,2.3449493408203352,5.876855468750023,1.1613545330941377
220,2017-08-09,5.3249774932861555,3.7367034912109602,7.37543640136721,1.0630108319134806
221,2017-08-10,4.111042912801129,2.5024963378906477,6.51960144042971,1.3450174661140153
222,2017-08-11,3.5977900187174705,2.6142517089843977,4.791177368164085,0.5227405076335949
223,2017-08-12,3.1896720886230696,2.3729492187500227,4.36725769042971,0.6381170676563485
224,2017-08-13,2.0137662251790593,-0.18564453124997726,3.5173889160156477,0.9772948865939147
225,2017-08-14,0.2741466522217024,-0.46930541992185226,1.3379760742187727,0.5815514313392676
226,2017-08-15,0.9446083068847884,-0.39630737304685226,2.8798156738281477,1.2587001696358664
227,2017-08-16,0.9192939758301009,-1.0374664306640398,2.5956970214843977,1.2734899214863225
228,2017-08-17,-0.46836954752601895,-1.7538513183593523,0.6922546386718977,0.7635411851660007
229,2017-08-18,-2.8696153004963967,-7.75810852050779,0.45583496093752274,2.835345954098661
230,2017-08-19,-0.49088071187334964,-1.6120666503906023,1.3055206298828352,0.9405621443641649
231,2017-08-20,0.34580256144208005,-0.6723999023437273,1.3583160400390852,0.5368405126773462
232,2017-08-21,1.540885543823265,0.24007568359377274,5.020257568359398,1.3037672381062624
233,2017-08-22,1.4723920186360904,-0.32083740234372726,4.301477050781273,1.6341197843221142
234,2017-08-23,-0.46169446309405276,-1.4554504394531023,0.7150207519531477,0.5956127181749534
235,2017-08-24,-0.6013206481933366,-2.1418060302734148,0.8626953125000227,0.8354868489276427
236,2017-08-25,-0.2288955688476335,-1.7394622802734148,1.1234222412109602,0.7469101536311137
237,2017-08-26,0.5010124206543196,-1.1108612060546648,1.8162628173828352,0.8348617380605031
238,2017-08-27,1.4619569142659732,0.31960449218752274,2.7269683837890852,0.7883839756452758
239,2017-08-28,2.706862386067731,1.7789093017578352,3.9157043457031477,0.7788532459095765
240,2017-08-29,2.920461273193382,2.3406616210937727,3.5092864990234602,0.3213762093629384
241,2017-08-30,3.4300940195719627,2.6015869140625227,5.163003540039085,0.8337081030054001
242,2017-08-31,3.0727643330892156,2.4882293701172102,3.6842132568359602,0.31403844821408927
243,2017-09-01,3.05458793640139,1.7549530029297102,5.392785644531273,1.211774016285217
244,2017-09-02,1.6183258056640852,0.31568298339846024,2.8374267578125227,0.7351377820310153
245,2017-09-03,2.3165292104085515,1.5689788818359602,3.1269470214843977,0.4710682307063367
246,2017-09-04,3.6855280558268455,2.3648468017578352,5.081140136718773,1.0437570373891705
247,2017-09-05,2.738772964477562,0.28643188476564774,4.804299926757835,1.437378197183305
248,2017-09-06,1.1813929239909082,-0.26466979980466476,3.3654266357422102,1.4170308351630494
249,2017-09-07,1.7376616160075098,0.37928161621096024,3.2136016845703352,0.8243841447565473
250,2017-09-08,0.9608080546061425,-0.5245574951171648,3.3094726562500227,1.4512939321078573
251,2017-09-09,2.7082223256429265,1.6342254638672102,3.8472839355468977,0.69358398064995
252,2017-09-10,3.238493220011416,2.4075561523437727,4.079873657226585,0.46617557725281433
253,2017-09-11,3.209966913859072,1.6698547363281477,4.860131835937523,0.94800985752407
254,2017-09-12,2.1741341908773015,0.45548400878908524,3.2716003417968977,0.7844117011301157
255,2017-09-13,-0.9733464558919044,-2.2858489990234148,0.31617126464846024,0.8175803159689948
256,2017-09-14,0.7389757792155175,-1.4253448486327898,3.5017639160156477,1.4808818380354265
257,2017-09-15,2.998281097412132,1.5925079345703352,4.45685729980471,0.7961409697237883
258,2017-09-16,0.8855402628580956,-0.5483764648437273,2.9922729492187727,1.1880572877515083
259,2017-09-17,2.702546691894554,0.24152526855471024,4.06946716308596,0.9860096448891086
260,2017-09-18,0.8936216990153222,-0.37041320800778976,1.7601409912109602,0.6001506085801201
261,2017-09-19,-0.28621520996091476,-3.6074584960937273,2.6803985595703352,2.2330920124892617
262,2017-09-20,2.1775616963704656,0.6284118652343977,4.12073669433596,1.2102094428717567
263,2017-09-21,3.756721750895205,2.9001403808593977,4.943231201171898,0.5933469718577188
264,2017-09-22,2.6218779246012596,0.40668640136721024,5.487039184570335,1.8509526583503184
265,2017-09-23,5.058025614420596,3.6843658447265852,6.581887817382835,0.9810115850417315
266,2017-09-24,3.494093831380231,0.33275756835939774,6.165673828125023,1.5275745660888367
267,2017-09-25,1.6939420064290591,-0.38619079589841476,4.36664733886721,1.9052458304120297
268,2017-09-26,3.3864634195963768,1.3624206542968977,4.822320556640648,0.8540522202411738
269,2017-09-27,2.487918472290062,0.5591522216797102,4.862939453125023,1.6460674147250882
270,2017-09-28,5.337588882446312,3.7711578369140852,7.36622009277346,1.2739915793899976
271,2017-09-29,5.551490402221702,2.6641937255859602,9.09858093261721,2.017616220401589
272,2017-09-30,3.3282543182373274,0.8104034423828352,5.926126098632835,1.5944084001108676
273,2017-10-01,4.202366129557315,2.1110321044922102,7.44251403808596,2.0469513176199503
274,2017-10-02,3.093937810262067,0.8761077880859602,6.190240478515648,1.2874503330144624
275,2017-10-03,3.1698935190836814,1.8389221191406477,4.89942321777346,1.0347759822111295
276,2017-10-04,3.4610413869222234,2.7102752685547102,4.515344238281273,0.5549672445397429
277,2017-10-05,2.1984344482422102,-0.12854614257810226,3.5830322265625227,1.2472148255370157
278,2017-10-06,2.021606063842796,-0.03783264160153976,5.016107177734398,1.916846394873986
279,2017-10-07,3.855428314209007,3.0575347900390852,5.60767517089846,0.7541298598470876
280,2017-10-08,2.856440480550153,0.6942687988281477,4.702615356445335,1.1162234016997583
281,2017-10-09,2.5064947764079,0.37038574218752274,4.110589599609398,1.121608295385872
282,2017-10-10,2.1326881408691634,0.023263549804710237,4.497064208984398,1.6836325087488326
283,2017-10-11,4.04598197937014,2.6540466308593977,5.682458496093773,0.8513893525194132
284,2017-10-12,4.129723485310895,2.1518035888672102,5.979104614257835,1.27154866797275
285,2017-10-13,5.16513595581057,1.8440032958984602,6.687615966796898,1.367700764928139
286,2017-10-14,2.083666737874372,-0.10184326171872726,4.889276123046898,1.6445895010740756
287,2017-10-15,4.716889317830426,1.1139617919922102,7.568139648437523,2.1711888922574363
288,2017-10-16,5.7670557657877835,2.1124053955078352,7.842874145507835,1.6104864647685868
289,2017-10-17,4.159974034627301,3.2601562500000227,5.27887878417971,0.631561228966594
290,2017-10-18,1.0972839355468977,-0.8748687744140398,2.8028045654297102,1.3137139263739452
291,2017-10-19,1.1060818990071841,-0.5871643066406023,2.8184295654297102,1.1482783261972203
292,2017-10-20,1.4973617553711165,-0.6659606933593523,3.5664764404297102,1.707019517730339
293,2017-10-21,3.6035451253255437,2.0477081298828352,5.865411376953148,1.279418953807609
294,2017-10-22,5.605741119384788,4.099786376953148,7.06861267089846,0.7969685873163734
295,2017-10-23,3.3321116129557518,1.7352844238281477,4.838861083984398,1.0464615603296488
296,2017-10-24,3.0803161621093977,1.2136627197265852,5.39966735839846,1.4353864610777698
297,2017-10-25,2.6302931467692283,0.38875732421877274,4.91462097167971,1.6180222997166007
298,2017-10-26,3.3998479207357,1.1448150634765852,6.39637145996096,1.877382142059404
299,2017-10-27,5.661313629150413,4.010614013671898,8.043267822265648,1.5061248666507923
300,2017-10-28,6.9216571807861555,4.57251892089846,10.164971923828148,1.9417791588904005
301,2017-10-29,6.094422912597679,4.273767089843773,7.836206054687523,1.059903922936625
302,2017-10-30,3.4387635548909734,2.4727569580078352,4.764627075195335,0.8113900752868727
303,2017-10-31,4.205131149292015,2.4243865966797102,6.209207153320335,1.401659870301021
304,2017-11-01,4.9708616892496975,4.170922851562523,6.237039184570335,0.725364261388618
305,2017-11-02,6.265527979532901,4.888330078125023,8.892755126953148,1.4051155934719144
306,2017-11-03,5.53427912394208,4.715447998046898,6.35102233886721,0.4453500715944606
307,2017-11-04,5.145096079508487,3.8040710449218977,7.351281738281273,1.19431995813492
308,2017-11-05,8.902874247233095,4.100427246093773,15.072045898437523,4.557860436727075
309,2017-11-06,9.602092997233095,4.444482421875023,14.92322692871096,3.4438970139953704
310,2017-11-07,8.11980272928876,4.547540283203148,12.586877441406273,2.7794648985196537
311,2017-11-08,8.45463587443036,2.9985595703125227,12.616662597656273,3.581375732142377
312,2017-11-09,9.705849583943708,5.66706237792971,13.075784301757835,2.35757185697935
313,2017-11-10,6.195834732055687,4.57142028808596,8.194482421875023,1.093180356191934
314,2017-11-11,6.223606999715192,4.73920593261721,8.158181762695335,0.9497935368532363
315,2017-11-12,4.320179239908877,1.5735107421875227,6.967767333984398,1.9519167970589921
316,2017-11-13,6.457035954793317,3.7416168212890852,11.131814575195335,2.7591370901742005
317,2017-11-14,6.298221206665062,5.139932250976585,8.399331665039085,0.9680152842196031
318,2017-11-15,5.531207656860374,4.00739440917971,6.65638122558596,0.7363680035149377
319,2017-11-16,3.16817436218264,2.5196777343750227,4.120950317382835,0.49202664167226673
320,2017-11-17,4.05820236206057,1.5782409667968977,6.890374755859398,1.9735775117416845
321,2017-11-18,3.143551762898786,1.5981994628906477,5.76734313964846,1.2302297563105367
322,2017-11-19,2.502592341105166,-0.03623046874997726,5.977655029296898,1.9605802533037189
323,2017-11-20,3.5699389139811424,1.6131530761718977,6.05939636230471,1.5442148268675011
324,2017-11-21,4.975137329101585,3.6506591796875227,6.61133728027346,0.9916178348450042
325,2017-11-22,4.841855621337913,1.2395263671875227,6.26191101074221,1.3817829032180018
326,2017-11-23,3.2607659657796453,1.3597961425781477,5.57410583496096,1.4038821835220305
327,2017-11-24,5.137702560424827,4.091577148437523,5.93226013183596,0.5322970737960668
328,2017-11-25,6.092949167887393,5.32959899902346,7.068276977539085,0.5854842991797782
329,2017-11-26,3.87094904581708,1.5308166503906477,6.49622497558596,1.4564972675182937
330,2017-11-27,4.7362737019856995,3.1804901123047102,7.509210205078148,1.4553539605933323
331,2017-11-28,9.188537851969423,7.431817626953148,12.520669555664085,1.6313012153054254
332,2017-11-29,6.875369008382184,4.770684814453148,9.40973815917971,1.702420303437855
333,2017-11-30,6.306221262613955,3.9986663818359602,7.748590087890648,1.2001559225597973
334,2017-12-01,6.231794611612979,5.109094238281273,7.481622314453148,0.8356560936372716
335,2017-12-02,5.504158274332705,3.5168853759765852,7.425637817382835,1.3716406752683297
336,2017-12-03,7.874998982747418,2.5618835449218977,13.24414978027346,3.9647651971826274
337,2017-12-04,7.911579386393252,6.503381347656273,9.58045349121096,0.8950651848843647
338,2017-12-05,7.395630137125674,5.734658813476585,8.79047546386721,0.7547592223441597
339,2017-12-06,3.9869902292887596,1.4658142089843977,6.550027465820335,1.8126799994964211
340,2017-12-07,3.686931228637718,1.1109100341797102,6.563623046875023,1.8970378082186055
341,2017-12-08,5.479015604654971,4.406167602539085,7.699792480468773,1.003502837369555
342,2017-12-09,4.20319519042971,1.6511169433593977,7.305535888671898,1.87884944646443
343,2017-12-10,6.857522583007835,4.708230590820335,10.692712402343773,2.301688686913926
344,2017-12-11,6.148052469889346,5.139215087890648,7.47284851074221,0.6763663597983756
345,2017-12-12,6.4192170461019105,4.186318969726585,9.462564086914085,1.9656912726630136
346,2017-12-13,6.953067398071312,5.99598083496096,8.505181884765648,0.728530646991622
347,2017-12-14,4.5971942901611555,2.3863464355468977,6.294839477539085,1.34512662990638
348,2017-12-15,4.466916656494163,2.3006530761718977,6.59687194824221,1.5191743175654306
349,2017-12-16,3.2855748494466375,0.9746337890625227,4.811517333984398,1.259390890326889
350,2017-12-17,4.691766357421898,2.9894500732422102,7.611856079101585,1.3981693517876217
351,2017-12-18,5.140344874064151,3.0460144042968977,7.61469421386721,1.7409377746726973
352,2017-12-19,7.3913945515950745,5.20923767089846,10.627099609375023,1.8474247967197517
353,2017-12-20,6.445374425252301,3.7191864013672102,9.113275146484398,1.1480579121496737
354,2017-12-21,4.7685911814371975,2.8945556640625227,6.981561279296898,1.4865181120735227
355,2017-12-22,4.219090398152692,2.0155120849609602,6.69208679199221,1.7240572301809516
356,2017-12-23,5.0645417531331605,3.1450744628906477,7.508691406250023,1.494676646509308
357,2017-12-24,5.1971705118815335,2.9664245605468977,7.127069091796898,1.2335377862165233
358,2017-12-25,3.3937399546305564,1.2523132324218977,5.50055847167971,1.620587588041728
359,2017-12-26,5.217816925048851,2.6028228759765852,7.881814575195335,1.8949071335969507
360,2017-12-27,7.31384684244794,5.23731384277346,10.187707519531273,1.6578334845810236
361,2017-12-28,7.5084294637044495,5.773217773437523,9.66986999511721,1.4158831896372428
362,2017-12-29,5.772101974487327,4.261270141601585,7.47528991699221,0.9851713078882741
363,2017-12-30,4.6205402374267805,3.0889221191406477,6.593804931640648,1.2572817938851173
